dataset,family,pipeline,pipeline_id,rep_index,algorithm,t_total,t_build,t_config,t_cpgm,t_classify,t_context,t_score_ip,t_score_if,t_score_ir,t_report,ip_score,ip_passed,ip_total,ip_full,ip_none,if_score,if_passed,if_total,if_scored_1,if_scored_0,if_undefined,if_undefined_rate,ir_score,ir_passed,ir_total,ir_full,ir_partial,ir_local,fairness_passed
bsbm_100k,rdf2pg,cdm,20260703T132252Z,0,rdf2pg_cdm,41.05956,7.71489,0.0018,22.99175,4.97709,7.7149,0.20551,0.49251,0.21237,4.46281,0.94904,False,100075,94975,5100,0.87124,False,133177,107153,15836,10188,0.0765,0.56575,False,115228,15153,100075,0,False
bsbm_100k,rdf2pg,cdm,20260703T132252Z,1,rdf2pg_cdm,42.1583,7.7555,0.00175,23.90191,4.83748,7.75551,0.18709,0.51799,0.25473,4.701,0.94904,False,100075,94975,5100,0.87124,False,133177,107153,15836,10188,0.0765,0.56575,False,115228,15153,100075,0,False
bsbm_100k,rdf2pg,cdm,20260703T132252Z,2,rdf2pg_cdm,42.83716,7.50278,0.00177,24.25602,4.7105,7.50279,0.21414,0.50609,0.21916,5.42584,0.94904,False,100075,94975,5100,0.87124,False,133177,107153,15836,10188,0.0765,0.56575,False,115228,15153,100075,0,False
bsbm_100k,rdf2pg,gdm,20260703T131707Z,0,rdf2pg_gdm,113.90661,7.79104,0.00208,93.49668,5.40814,7.79105,0.08378,0.5702,0.4871,6.06666,0.94904,False,100075,94975,5100,0.08157,False,133177,10032,112957,10188,0.0765,1.0,True,167363,167363,0,0,False
bsbm_100k,rdf2pg,gdm,20260703T131707Z,1,rdf2pg_gdm,112.36705,7.85838,0.00194,91.743,5.45143,7.85841,0.08934,0.57575,0.4772,6.16903,0.94904,False,100075,94975,5100,0.08157,False,133177,10032,112957,10188,0.0765,1.0,True,167363,167363,0,0,False
bsbm_100k,rdf2pg,gdm,20260703T131707Z,2,rdf2pg_gdm,112.00246,7.7566,0.002,90.50123,5.10406,7.75662,0.08424,0.57614,0.45817,7.51906,0.94904,False,100075,94975,5100,0.08157,False,133177,10032,112957,10188,0.0765,1.0,True,167363,167363,0,0,False
bsbm_100k,kg2pg,nonparsi,20260703T132810Z,0,kg2pg,112.56407,10.09001,0.00204,88.81609,5.3891,10.09002,0.08351,0.57771,0.53626,7.06843,1.0,True,100075,100075,0,0.31667,False,133177,42173,91004,0,0.0,0.76758,False,224282,172155,0,52127,False
bsbm_100k,kg2pg,nonparsi,20260703T132810Z,1,kg2pg,113.68404,10.1765,0.0019,89.98472,5.36803,10.17651,0.08268,0.57142,0.5442,6.95366,1.0,True,100075,100075,0,0.31667,False,133177,42173,91004,0,0.0,0.76758,False,224282,172155,0,52127,False
bsbm_100k,kg2pg,nonparsi,20260703T132810Z,2,kg2pg,115.0212,10.39463,0.00263,90.99283,5.16908,10.39464,0.07745,0.62481,0.54501,7.21378,1.0,True,100075,100075,0,0.31667,False,133177,42173,91004,0,0.0,0.76758,False,224282,172155,0,52127,False
bsbm_100k,kg2pg,parsi,20260703T132506Z,0,kg2pg,57.59101,8.38097,0.00199,39.04061,4.44056,8.38098,0.07514,0.47251,0.28669,4.89163,1.0,True,100075,100075,0,0.7663,False,133177,102053,31124,0,0.0,0.96084,True,130228,125128,0,5100,False
bsbm_100k,kg2pg,parsi,20260703T132506Z,1,kg2pg,58.38987,8.07845,0.00213,39.97418,4.55158,8.07846,0.07818,0.465,0.29627,4.94308,1.0,True,100075,100075,0,0.7663,False,133177,102053,31124,0,0.0,0.96084,True,130228,125128,0,5100,False
bsbm_100k,kg2pg,parsi,20260703T132506Z,2,kg2pg,57.46628,8.06587,0.0025,39.07753,4.61984,8.06588,0.07629,0.45477,0.28218,4.88642,1.0,True,100075,100075,0,0.7663,False,133177,102053,31124,0,0.0,0.96084,True,130228,125128,0,5100,False
bsbm_100k,rdf2pg,sdm,20260703T131507Z,0,rdf2pg_sdm,39.07502,5.28529,0.00168,23.67247,4.79142,5.2853,0.14346,0.26485,0.19252,4.72239,0.0,False,100075,0,100075,0.99705,True,133177,12860,38,120279,0.90315,0.0,False,100075,0,0,100075,False
bsbm_100k,rdf2pg,sdm,20260703T131507Z,1,rdf2pg_sdm,37.39557,5.48673,0.00215,23.16064,4.5735,5.48674,0.14094,0.27644,0.20224,3.55191,0.0,False,100075,0,100075,0.99705,True,133177,12860,38,120279,0.90315,0.0,False,100075,0,0,100075,False
bsbm_100k,rdf2pg,sdm,20260703T131507Z,2,rdf2pg_sdm,38.73459,5.17479,0.00189,22.89283,4.81776,5.1748,0.14815,0.31211,0.20485,5.18124,0.0,False,100075,0,100075,0.99705,True,133177,12860,38,120279,0.90315,0.0,False,100075,0,0,100075,False
bsbm_10k,rdf2pg,cdm,20260703T131336Z,0,rdf2pg_cdm,4.93797,0.71341,0.00175,2.19641,0.40274,0.71342,0.02232,0.06045,0.022,1.51812,0.95122,True,10250,9750,500,0.87463,False,14313,11644,1669,1000,0.06987,0.5674,False,11847,1597,10250,0,False
bsbm_10k,rdf2pg,cdm,20260703T131336Z,1,rdf2pg_cdm,5.0421,0.69062,0.00176,2.16515,0.41688,0.69063,0.01955,0.06008,0.02425,1.66296,0.95122,True,10250,9750,500,0.87463,False,14313,11644,1669,1000,0.06987,0.5674,False,11847,1597,10250,0,False
bsbm_10k,rdf2pg,cdm,20260703T131336Z,2,rdf2pg_cdm,5.0921,0.7277,0.0019,2.27485,0.4311,0.72771,0.01992,0.07228,0.02321,1.54028,0.95122,True,10250,9750,500,0.87463,False,14313,11644,1669,1000,0.06987,0.5674,False,11847,1597,10250,0,False
bsbm_10k,rdf2pg,gdm,20260703T131256Z,0,rdf2pg_gdm,12.63353,0.92792,0.00207,9.63143,0.33521,0.92794,0.00724,0.06544,0.04404,1.61934,0.95122,True,10250,9750,500,0.08157,False,14313,1086,12227,1000,0.06987,1.0,True,17271,17271,0,0,False
bsbm_10k,rdf2pg,gdm,20260703T131256Z,1,rdf2pg_gdm,12.31799,0.9764,0.00198,9.20516,0.41046,0.97641,0.0079,0.08052,0.04281,1.59192,0.95122,True,10250,9750,500,0.08157,False,14313,1086,12227,1000,0.06987,1.0,True,17271,17271,0,0,False
bsbm_10k,rdf2pg,gdm,20260703T131256Z,2,rdf2pg_gdm,12.34585,0.94482,0.00196,9.03699,0.38626,0.94483,0.0072,0.06889,0.04333,1.85545,0.95122,True,10250,9750,500,0.08157,False,14313,1086,12227,1000,0.06987,1.0,True,17271,17271,0,0,False
bsbm_10k,kg2pg,nonparsi,20260703T131423Z,0,kg2pg,12.49073,0.80964,0.00207,9.17108,0.58262,0.80966,0.00584,0.30001,0.05761,1.56101,1.0,True,10250,10250,0,0.29833,False,14313,4270,10043,0,0.0,0.76707,False,23252,17836,0,5416,False
bsbm_10k,kg2pg,nonparsi,20260703T131423Z,1,kg2pg,12.904,0.79377,0.002,9.44427,0.58872,0.79378,0.00598,0.30941,0.06523,1.69374,1.0,True,10250,10250,0,0.29833,False,14313,4270,10043,0,0.0,0.76707,False,23252,17836,0,5416,False
bsbm_10k,kg2pg,nonparsi,20260703T131423Z,2,kg2pg,12.26959,0.81311,0.00201,8.92719,0.62567,0.81312,0.00603,0.3017,0.06316,1.52982,1.0,True,10250,10250,0,0.29833,False,14313,4270,10043,0,0.0,0.76707,False,23252,17836,0,5416,False
bsbm_10k,kg2pg,parsi,20260703T131355Z,0,kg2pg,6.85706,0.74562,0.00196,3.95016,0.44424,0.74563,0.00611,0.06095,0.1505,1.49669,1.0,True,10250,10250,0,0.77859,False,14313,11144,3169,0,0.0,0.96274,True,13420,12920,0,500,False
bsbm_10k,kg2pg,parsi,20260703T131355Z,1,kg2pg,7.59209,0.74508,0.00515,4.36145,0.43929,0.74509,0.00622,0.05656,0.15136,1.44558,1.0,True,10250,10250,0,0.77859,False,14313,11144,3169,0,0.0,0.96274,True,13420,12920,0,500,False
bsbm_10k,kg2pg,parsi,20260703T131355Z,2,kg2pg,6.78423,0.8456,0.00194,3.82334,0.46381,0.84561,0.00748,0.05309,0.14663,1.4415,1.0,True,10250,10250,0,0.77859,False,14313,11144,3169,0,0.0,0.96274,True,13420,12920,0,500,False
bsbm_10k,rdf2pg,sdm,20260703T131239Z,0,rdf2pg_sdm,4.91891,0.4614,0.0018,2.32098,0.46254,0.46141,0.01386,0.11239,0.02072,1.52437,0.0,False,10250,0,10250,0.99645,True,14313,1966,7,12340,0.86215,0.0,False,10250,0,0,10250,False
bsbm_10k,rdf2pg,sdm,20260703T131239Z,1,rdf2pg_sdm,4.55252,0.45682,0.00177,2.12415,0.40249,0.45684,0.01399,0.11196,0.01939,1.42117,0.0,False,10250,0,10250,0.99645,True,14313,1966,7,12340,0.86215,0.0,False,10250,0,0,10250,False
bsbm_10k,rdf2pg,sdm,20260703T131239Z,2,rdf2pg_sdm,5.0392,0.45862,0.00178,2.27687,0.42146,0.45863,0.01879,0.12797,0.03222,1.58157,0.0,False,10250,0,10250,0.99645,True,14313,1966,7,12340,0.86215,0.0,False,10250,0,0,10250,False
bsbm_1k,rdf2pg,cdm,20260703T131203Z,0,rdf2pg_cdm,1.7202,0.08353,0.00181,0.43071,0.07921,0.08354,0.00406,0.00991,0.00468,1.10553,0.98915,True,1844,1824,20,0.87547,False,2971,2566,365,40,0.01346,0.5811,False,2201,357,1844,0,False
bsbm_1k,rdf2pg,cdm,20260703T131203Z,1,rdf2pg_cdm,1.70379,0.08034,0.00362,0.40075,0.07834,0.08035,0.00227,0.00904,0.00409,1.12471,0.98915,True,1844,1824,20,0.87547,False,2971,2566,365,40,0.01346,0.5811,False,2201,357,1844,0,False
bsbm_1k,rdf2pg,cdm,20260703T131203Z,2,rdf2pg_cdm,1.87245,0.11177,0.00185,0.46041,0.09445,0.11178,0.00365,0.01195,0.00579,1.18164,0.98915,True,1844,1824,20,0.87547,False,2971,2566,365,40,0.01346,0.5811,False,2201,357,1844,0,False
bsbm_1k,rdf2pg,gdm,20260703T131152Z,0,rdf2pg_gdm,3.18401,0.09448,0.00206,1.79524,0.09504,0.09449,0.00084,0.01465,0.00847,1.17254,0.98915,True,1844,1824,20,0.11259,False,2971,330,2601,40,0.01346,1.0,True,3279,3279,0,0,False
bsbm_1k,rdf2pg,gdm,20260703T131152Z,1,rdf2pg_gdm,3.41175,0.098,0.00204,1.83838,0.09559,0.09801,0.001,0.01274,0.00851,1.35464,0.98915,True,1844,1824,20,0.11259,False,2971,330,2601,40,0.01346,1.0,True,3279,3279,0,0,False
bsbm_1k,rdf2pg,gdm,20260703T131152Z,2,rdf2pg_gdm,3.03114,0.09302,0.00195,1.62293,0.09418,0.09303,0.00106,0.01209,0.00784,1.19739,0.98915,True,1844,1824,20,0.11259,False,2971,330,2601,40,0.01346,1.0,True,3279,3279,0,0,False
bsbm_1k,kg2pg,nonparsi,20260703T131223Z,0,kg2pg,3.51389,0.14736,0.00194,1.83782,0.16415,0.14738,0.00135,0.08667,0.01518,1.25528,1.0,True,1844,1844,0,0.25379,False,2971,754,2217,0,0.0,0.77009,False,4654,3584,0,1070,False
bsbm_1k,kg2pg,nonparsi,20260703T131223Z,1,kg2pg,3.25214,0.10114,0.00274,1.82927,0.10135,0.10115,0.00104,0.06417,0.01238,1.13931,1.0,True,1844,1844,0,0.25379,False,2971,754,2217,0,0.0,0.77009,False,4654,3584,0,1070,False
bsbm_1k,kg2pg,nonparsi,20260703T131223Z,2,kg2pg,3.25919,0.10413,0.00196,1.76323,0.11734,0.10414,0.00083,0.06344,0.01277,1.19478,1.0,True,1844,1844,0,0.25379,False,2971,754,2217,0,0.0,0.77009,False,4654,3584,0,1070,False
bsbm_1k,kg2pg,parsi,20260703T131211Z,0,kg2pg,2.04049,0.08508,0.00221,0.82608,0.0584,0.08509,0.00096,0.03848,0.00662,1.02189,1.0,True,1844,1844,0,0.85695,False,2971,2546,425,0,0.0,0.99217,True,2554,2534,0,20,False
bsbm_1k,kg2pg,parsi,20260703T131211Z,1,kg2pg,2.20611,0.09062,0.00204,0.89317,0.06694,0.09063,0.00083,0.04135,0.00611,1.10434,1.0,True,1844,1844,0,0.85695,False,2971,2546,425,0,0.0,0.99217,True,2554,2534,0,20,False
bsbm_1k,kg2pg,parsi,20260703T131211Z,2,kg2pg,2.02812,0.10415,0.00185,0.75479,0.06387,0.10416,0.00077,0.03902,0.00601,1.05694,1.0,True,1844,1844,0,0.85695,False,2971,2546,425,0,0.0,0.99217,True,2554,2534,0,20,False
bsbm_1k,rdf2pg,sdm,20260703T131144Z,0,rdf2pg_sdm,1.85457,0.06819,0.00173,0.41569,0.07095,0.0682,0.00253,0.00985,0.00719,1.27765,0.0,False,1844,0,1844,0.99602,True,2971,750,3,2218,0.74655,0.0,False,1844,0,0,1844,False
bsbm_1k,rdf2pg,sdm,20260703T131144Z,1,rdf2pg_sdm,2.0251,0.07332,0.00182,0.41483,0.09388,0.07333,0.0023,0.00731,0.00348,1.42756,0.0,False,1844,0,1844,0.99602,True,2971,750,3,2218,0.74655,0.0,False,1844,0,0,1844,False
bsbm_1k,rdf2pg,sdm,20260703T131144Z,2,rdf2pg_sdm,1.91511,0.08217,0.00195,0.40606,0.07752,0.08218,0.00241,0.00728,0.0036,1.33352,0.0,False,1844,0,1844,0.99602,True,2971,750,3,2218,0.74655,0.0,False,1844,0,0,1844,False
bsbm_1m,rdf2pg,cdm,20260704T142328Z,0,rdf2pg_cdm,407.67375,77.34921,0.00182,235.24833,48.76108,77.34922,2.16691,5.76915,9.62665,28.74956,0.94432,False,1000312,944612,55700,0.86604,False,1293447,1025049,158553,109845,0.08492,0.56465,False,1148852,148541,1000311,0,False
bsbm_1m,rdf2pg,cdm,20260704T142328Z,1,rdf2pg_cdm,415.89133,76.92084,0.0018,240.73699,48.75254,76.92085,2.15456,5.60077,9.37988,32.34301,0.94432,False,1000312,944612,55700,0.86604,False,1293447,1025049,158553,109845,0.08492,0.56465,False,1148852,148541,1000311,0,False
bsbm_1m,rdf2pg,cdm,20260704T142328Z,2,rdf2pg_cdm,409.75352,77.34579,0.00172,236.34835,48.67353,77.34581,2.20732,5.53151,9.16284,30.48145,0.94432,False,1000312,944612,55700,0.86604,False,1293447,1025049,158553,109845,0.08492,0.56465,False,1148852,148541,1000311,0,False
bsbm_1m,rdf2pg,gdm,20260704T132807Z,0,rdf2pg_gdm,1102.11479,77.38107,0.00378,901.13153,53.93812,77.38109,1.13949,5.91218,25.60236,37.00513,0.94432,False,1000312,944612,55700,0.07835,False,1293447,92737,1090865,109845,0.08492,1.0,True,1668095,1668095,0,0,False
bsbm_1m,rdf2pg,gdm,20260704T132807Z,1,rdf2pg_gdm,1096.03174,76.75362,0.00211,897.0014,53.52174,76.75365,1.20706,5.77917,25.18117,36.58441,0.94432,False,1000312,944612,55700,0.07835,False,1293447,92737,1090865,109845,0.08492,1.0,True,1668095,1668095,0,0,False
bsbm_1m,rdf2pg,gdm,20260704T132807Z,2,rdf2pg_gdm,1097.20765,76.33872,0.00198,894.94011,53.81605,76.33873,1.11897,5.63589,25.32441,40.03051,0.94432,False,1000312,944612,55700,0.07835,False,1293447,92737,1090865,109845,0.08492,1.0,True,1668095,1668095,0,0,False
bsbm_1m,kg2pg,nonparsi,20260704T151402Z,0,kg2pg,1102.75338,84.52555,0.00195,884.16164,54.33457,84.52557,1.14583,6.30094,5.72366,66.5582,1.0,True,1000312,1000312,0,0.32114,False,1293447,415374,878073,0,0.0,0.76642,False,2222983,1703749,0,519234,False
bsbm_1m,kg2pg,nonparsi,20260704T151402Z,1,kg2pg,1082.21258,83.60793,0.0023,865.30837,54.85897,83.60794,1.07991,6.20845,5.38868,65.75693,1.0,True,1000312,1000312,0,0.32114,False,1293447,415374,878073,0,0.0,0.76642,False,2222983,1703749,0,519234,False
bsbm_1m,kg2pg,nonparsi,20260704T151402Z,2,kg2pg,1090.2486,84.62007,0.00205,870.34449,54.97838,84.62008,1.09134,6.11981,5.79544,67.29607,1.0,True,1000312,1000312,0,0.32114,False,1293447,415374,878073,0,0.0,0.76642,False,2222983,1703749,0,519234,False
bsbm_1m,kg2pg,parsi,20260704T144438Z,0,kg2pg,575.92122,83.32469,0.00422,394.8971,45.7006,83.3247,1.10523,4.89735,2.90837,43.08261,1.0,True,1000312,1000312,0,0.74943,False,1293447,969349,324098,0,0.0,0.95702,True,1295915,1240215,0,55700,False
bsbm_1m,kg2pg,parsi,20260704T144438Z,1,kg2pg,578.83628,83.79152,0.00214,393.96926,46.62504,83.79153,1.16609,4.98145,2.86407,45.43564,1.0,True,1000312,1000312,0,0.74943,False,1293447,969349,324098,0,0.0,0.95702,True,1295915,1240215,0,55700,False
bsbm_1m,kg2pg,parsi,20260704T144438Z,2,kg2pg,574.03814,83.30228,0.00196,393.12169,45.85958,83.30229,1.03684,4.88476,2.83305,42.99685,1.0,True,1000312,1000312,0,0.74943,False,1293447,969349,324098,0,0.0,0.95702,True,1295915,1240215,0,55700,False
bsbm_1m,rdf2pg,sdm,20260704T130901Z,0,rdf2pg_sdm,371.60705,57.59237,0.00201,236.73952,53.81447,57.59239,1.55355,2.84976,1.86024,17.19408,0.0,False,1000312,0,1000312,0.99832,True,1293447,90448,152,1202847,0.92995,0.0,False,1000312,0,0,1000312,False
bsbm_1m,rdf2pg,sdm,20260704T130901Z,1,rdf2pg_sdm,368.50816,58.81459,0.00186,232.85505,53.38364,58.81461,1.53835,2.85581,1.95177,17.10605,0.0,False,1000312,0,1000312,0.99832,True,1293447,90448,152,1202847,0.92995,0.0,False,1000312,0,0,1000312,False
bsbm_1m,rdf2pg,sdm,20260704T130901Z,2,rdf2pg_sdm,375.20662,57.99059,0.003,238.38618,53.66665,57.9906,1.50695,2.72113,2.06148,18.8696,0.0,False,1000312,0,1000312,0.99832,True,1293447,90448,152,1202847,0.92995,0.0,False,1000312,0,0,1000312,False
bsbm_enr,rdf2pg,cdm,20260703T081039Z,0,rdf2pg_cdm,42.19108,8.18479,0.00268,23.9436,4.65858,8.1848,0.18575,0.50545,0.21047,4.49883,0.94865,False,99309,94209,5100,0.877,False,132413,107191,15034,10188,0.07694,0.56619,False,114462,15153,99309,0,False
bsbm_enr,rdf2pg,cdm,20260703T081039Z,1,rdf2pg_cdm,41.9723,7.91339,0.00314,23.63836,4.71715,7.9134,0.18284,0.52472,0.26286,4.729,0.94865,False,99309,94209,5100,0.877,False,132413,107191,15034,10188,0.07694,0.56619,False,114462,15153,99309,0,False
bsbm_enr,rdf2pg,cdm,20260703T081039Z,2,rdf2pg_cdm,41.43251,7.89521,0.00217,23.59646,4.53632,7.89522,0.18643,0.52016,0.22079,4.47412,0.94865,False,99309,94209,5100,0.877,False,132413,107191,15034,10188,0.07694,0.56619,False,114462,15153,99309,0,False
bsbm_enr,rdf2pg,gdm,20260703T080502Z,0,rdf2pg_gdm,110.89806,7.97163,0.00204,90.56537,5.59826,7.97164,0.08354,0.58048,0.41023,5.68557,0.94865,False,99309,94209,5100,0.08208,False,132413,10032,112193,10188,0.07694,1.0,True,166599,166599,0,0,False
bsbm_enr,rdf2pg,gdm,20260703T080502Z,1,rdf2pg_gdm,110.47498,8.28409,0.00198,91.33651,5.45112,8.28411,0.07984,0.53383,0.41905,4.36764,0.94865,False,99309,94209,5100,0.08208,False,132413,10032,112193,10188,0.07694,1.0,True,166599,166599,0,0,False
bsbm_enr,rdf2pg,gdm,20260703T080502Z,2,rdf2pg_gdm,109.97499,7.86003,0.00195,91.14241,5.30699,7.86004,0.08912,0.61099,0.46893,4.49359,0.94865,False,99309,94209,5100,0.08208,False,132413,10032,112193,10188,0.07694,1.0,True,166599,166599,0,0,False
bsbm_enr,kg2pg,nonparsi,20260703T081602Z,0,kg2pg,112.8029,11.11737,0.00205,91.59606,3.56425,11.11738,0.09955,0.61964,0.59685,5.20621,0.99996,True,99309,99305,4,0.31879,False,132413,42210,90197,6,5e-05,0.76679,False,223508,171384,0,52124,False
bsbm_enr,kg2pg,nonparsi,20260703T081602Z,1,kg2pg,112.06037,10.72808,0.00203,90.91629,3.79954,10.72809,0.08083,0.60498,0.71377,5.21391,0.99996,True,99309,99305,4,0.31879,False,132413,42210,90197,6,5e-05,0.76679,False,223508,171384,0,52124,False
bsbm_enr,kg2pg,nonparsi,20260703T081602Z,2,kg2pg,111.18198,10.64052,0.00298,89.2836,3.85825,10.64053,0.08067,0.57141,0.52688,6.21673,0.99996,True,99309,99305,4,0.31879,False,132413,42210,90197,6,5e-05,0.76679,False,223508,171384,0,52124,False
bsbm_enr,kg2pg,parsi,20260703T081255Z,0,kg2pg,59.70044,8.47265,0.00193,40.419,4.69633,8.47266,0.08113,0.48533,0.30248,5.24071,0.99996,True,99309,99305,4,0.77099,False,132413,102085,30322,6,5e-05,0.96061,True,129460,124360,0,5100,False
bsbm_enr,kg2pg,parsi,20260703T081255Z,1,kg2pg,57.89377,8.08999,0.00207,39.41754,4.56423,8.09,0.08865,0.52375,0.36301,4.84357,0.99996,True,99309,99305,4,0.77099,False,132413,102085,30322,6,5e-05,0.96061,True,129460,124360,0,5100,False
bsbm_enr,kg2pg,parsi,20260703T081255Z,2,kg2pg,59.06625,8.42051,0.00199,40.00788,4.53466,8.42052,0.07822,0.45536,0.27253,5.2942,0.99996,True,99309,99305,4,0.77099,False,132413,102085,30322,6,5e-05,0.96061,True,129460,124360,0,5100,False
bsbm_enr,rdf2pg,sdm,20260703T080304Z,0,rdf2pg_sdm,37.55309,5.38056,0.00182,23.24089,4.77196,5.38057,0.14388,0.2974,0.25126,3.4643,0.0,False,99309,0,99309,0.99992,True,132413,12862,1,119550,0.90286,0.0,False,99309,0,0,99309,False
bsbm_enr,rdf2pg,sdm,20260703T080304Z,1,rdf2pg_sdm,37.05486,5.75727,0.00182,22.83301,5.05223,5.75728,0.16905,0.29617,0.18757,2.75662,0.0,False,99309,0,99309,0.99992,True,132413,12862,1,119550,0.90286,0.0,False,99309,0,0,99309,False
bsbm_enr,rdf2pg,sdm,20260703T080304Z,2,rdf2pg_sdm,37.0445,5.33913,0.00181,23.41578,4.76977,5.33914,0.17863,0.3698,0.23698,2.73151,0.0,False,99309,0,99309,0.99992,True,132413,12862,1,119550,0.90286,0.0,False,99309,0,0,99309,False
dbpedia_geo_200k,rdf2pg,cdm,20260703T134926Z,0,rdf2pg_cdm,78.30806,13.56271,0.00183,44.5246,10.5872,13.56272,0.40501,1.05881,1.80515,6.3617,0.99479,True,194222,193211,1011,0.98965,True,299829,295066,3085,1678,0.0056,0.54167,False,211971,17664,194307,0,True
dbpedia_geo_200k,rdf2pg,cdm,20260703T134926Z,1,rdf2pg_cdm,77.09031,14.20577,0.0018,43.39297,9.97582,14.20578,0.41256,1.08725,1.85364,6.15965,0.99479,True,194222,193211,1011,0.98965,True,299829,295066,3085,1678,0.0056,0.54167,False,211971,17664,194307,0,True
dbpedia_geo_200k,rdf2pg,cdm,20260703T134926Z,2,rdf2pg_cdm,78.15281,13.63849,0.00188,43.72254,10.56221,13.6385,0.39414,1.096,1.85353,6.88312,0.99479,True,194222,193211,1011,0.98965,True,299829,295066,3085,1678,0.0056,0.54167,False,211971,17664,194307,0,True
dbpedia_geo_200k,rdf2pg,gdm,20260703T133745Z,0,rdf2pg_gdm,228.72843,15.08997,0.00207,188.32765,10.85337,15.08998,0.17536,1.20389,0.92785,12.1473,0.99479,True,194222,193211,1011,0.0489,False,299829,14579,283572,1678,0.0056,1.0,True,343850,343850,0,0,False
dbpedia_geo_200k,rdf2pg,gdm,20260703T133745Z,1,rdf2pg_gdm,230.75101,15.13701,0.00201,190.81363,10.73173,15.13703,0.19179,1.2132,0.93016,11.73053,0.99479,True,194222,193211,1011,0.0489,False,299829,14579,283572,1678,0.0056,1.0,True,343850,343850,0,0,False
dbpedia_geo_200k,rdf2pg,gdm,20260703T133745Z,2,rdf2pg_gdm,233.78272,14.53406,0.00198,194.15354,10.56786,14.53408,0.19482,1.29015,1.08081,11.93928,0.99479,True,194222,193211,1011,0.0489,False,299829,14579,283572,1678,0.0056,1.0,True,343850,343850,0,0,False
dbpedia_geo_200k,kg2pg,nonparsi,20260703T135917Z,0,kg2pg,235.51873,21.43634,0.00192,190.2941,6.8093,21.43635,0.18911,1.40647,1.16301,14.21752,1.0,True,194222,194222,0,0.25693,False,299829,77036,222793,0,0.0,0.7228,False,475703,343840,0,131863,False
dbpedia_geo_200k,kg2pg,nonparsi,20260703T135917Z,1,kg2pg,227.72502,21.49741,0.00353,183.50977,7.23542,21.49743,0.16605,1.27751,1.14687,12.88743,1.0,True,194222,194222,0,0.25693,False,299829,77036,222793,0,0.0,0.7228,False,475703,343840,0,131863,False
dbpedia_geo_200k,kg2pg,nonparsi,20260703T135917Z,2,kg2pg,228.61279,21.38694,0.00222,184.47507,6.82519,21.38696,0.1832,1.2912,1.17472,13.27326,1.0,True,194222,194222,0,0.25693,False,299829,77036,222793,0,0.0,0.7228,False,475703,343840,0,131863,False
dbpedia_geo_200k,kg2pg,parsi,20260703T135328Z,0,kg2pg,113.15277,14.08232,0.00189,76.39217,10.44323,14.08234,0.17678,0.95769,0.60467,10.49312,0.92191,False,194222,179056,15166,0.81738,False,299829,224675,50198,24956,0.08323,0.87928,False,259488,228163,0,31325,False
dbpedia_geo_200k,kg2pg,parsi,20260703T135328Z,1,kg2pg,110.96698,14.06451,0.00205,75.54335,10.45015,14.06452,0.19754,0.95439,0.54314,9.21091,0.92191,False,194222,179056,15166,0.81738,False,299829,224675,50198,24956,0.08323,0.87928,False,259488,228163,0,31325,False
dbpedia_geo_200k,kg2pg,parsi,20260703T135328Z,2,kg2pg,110.12829,14.59003,0.00222,74.48449,10.52352,14.59004,0.19173,0.97598,0.60024,8.7591,0.92191,False,194222,179056,15166,0.81738,False,299829,224675,50198,24956,0.08323,0.87928,False,259488,228163,0,31325,False
dbpedia_geo_200k,rdf2pg,sdm,20260703T133403Z,0,rdf2pg_sdm,71.99272,11.09313,0.0018,42.14639,10.10579,11.09314,0.29075,0.79178,1.97784,5.58427,0.0,False,194222,0,194222,0.9658,True,299829,87189,3087,209553,0.69891,0.0,False,194307,0,0,194307,False
dbpedia_geo_200k,rdf2pg,sdm,20260703T133403Z,1,rdf2pg_sdm,71.47337,11.05391,0.00175,42.63356,10.36876,11.05392,0.29228,0.71642,2.08068,4.32504,0.0,False,194222,0,194222,0.9658,True,299829,87189,3087,209553,0.69891,0.0,False,194307,0,0,194307,False
dbpedia_geo_200k,rdf2pg,sdm,20260703T133403Z,2,rdf2pg_sdm,72.9236,11.1966,0.00179,43.44335,10.04699,11.19661,0.28543,0.71569,2.0789,5.15388,0.0,False,194222,0,194222,0.9658,True,299829,87189,3087,209553,0.69891,0.0,False,194307,0,0,194307,False
django_bnode,rdf2pg,cdm,20260703T082156Z,0,rdf2pg_cdm,1.01671,0.00047,0.00185,0.01788,0.00216,0.00047,3e-05,0.00015,5e-05,0.99368,0.2,False,5,1,4,1.0,True,11,6,0,5,0.45455,0.5625,False,8,2,5,1,False
django_bnode,rdf2pg,cdm,20260703T082156Z,1,rdf2pg_cdm,0.95227,0.00048,0.00203,0.0155,0.00213,0.00049,3e-05,0.00016,5e-05,0.93145,0.2,False,5,1,4,1.0,True,11,6,0,5,0.45455,0.5625,False,8,2,5,1,False
django_bnode,rdf2pg,cdm,20260703T082156Z,2,rdf2pg_cdm,0.9732,0.00058,0.00182,0.01532,0.00224,0.00058,4e-05,0.00027,6e-05,0.95241,0.2,False,5,1,4,1.0,True,11,6,0,5,0.45455,0.5625,False,8,2,5,1,False
django_bnode,rdf2pg,gdm,20260703T082151Z,0,rdf2pg_gdm,1.0271,0.00068,0.00217,0.01751,0.00203,0.00069,3e-05,9e-05,5e-05,1.0041,0.2,False,5,1,4,0.33333,False,11,2,4,5,0.45455,0.90909,False,11,10,0,1,False
django_bnode,rdf2pg,gdm,20260703T082151Z,1,rdf2pg_gdm,1.07148,0.00082,0.002,0.01774,0.00203,0.00083,5e-05,0.00016,7e-05,1.04812,0.2,False,5,1,4,0.33333,False,11,2,4,5,0.45455,0.90909,False,11,10,0,1,False
django_bnode,rdf2pg,gdm,20260703T082151Z,2,rdf2pg_gdm,1.06002,0.0006,0.00206,0.01742,0.00197,0.0006,3e-05,9e-05,5e-05,1.03736,0.2,False,5,1,4,0.33333,False,11,2,4,5,0.45455,0.90909,False,11,10,0,1,False
django_bnode,kg2pg,nonparsi,20260703T082209Z,0,kg2pg,1.06133,0.00075,0.00224,0.01953,0.00228,0.00076,6e-05,0.00014,0.00012,1.03568,0.0,False,5,0,5,0.25,False,11,1,3,7,0.63636,0.78571,False,14,11,0,3,False
django_bnode,kg2pg,nonparsi,20260703T082209Z,1,kg2pg,1.07075,0.00054,0.00269,0.01988,0.00221,0.00054,3e-05,9e-05,6e-05,1.04482,0.0,False,5,0,5,0.25,False,11,1,3,7,0.63636,0.78571,False,14,11,0,3,False
django_bnode,kg2pg,nonparsi,20260703T082209Z,2,kg2pg,1.24526,0.00061,0.00335,0.02044,0.00224,0.00062,4e-05,9e-05,7e-05,1.21794,0.0,False,5,0,5,0.25,False,11,1,3,7,0.63636,0.78571,False,14,11,0,3,False
django_bnode,kg2pg,parsi,20260703T082202Z,0,kg2pg,1.02871,0.00058,0.00263,0.0181,0.00204,0.00058,3e-05,0.0001,5e-05,1.00477,0.0,False,5,0,5,0.75,False,11,3,1,7,0.63636,0.9,False,10,9,0,1,False
django_bnode,kg2pg,parsi,20260703T082202Z,1,kg2pg,1.05867,0.00062,0.00198,0.01784,0.00222,0.00063,4e-05,8e-05,5e-05,1.03539,0.0,False,5,0,5,0.75,False,11,3,1,7,0.63636,0.9,False,10,9,0,1,False
django_bnode,kg2pg,parsi,20260703T082202Z,2,kg2pg,1.05329,0.00108,0.00277,0.02186,0.00388,0.00108,4e-05,0.00011,8e-05,1.02291,0.0,False,5,0,5,0.75,False,11,3,1,7,0.63636,0.9,False,10,9,0,1,False
django_bnode,rdf2pg,sdm,20260703T082146Z,0,rdf2pg_sdm,0.97884,0.0007,0.002,0.02168,0.00326,0.00071,6e-05,0.0001,7e-05,0.9446,0.0,False,5,0,5,1.0,True,11,3,0,8,0.72727,0.0,False,5,0,0,5,False
django_bnode,rdf2pg,sdm,20260703T082146Z,1,rdf2pg_sdm,0.96428,0.00041,0.00174,0.01439,0.00199,0.00041,3e-05,6e-05,4e-05,0.94518,0.0,False,5,0,5,1.0,True,11,3,0,8,0.72727,0.0,False,5,0,0,5,False
django_bnode,rdf2pg,sdm,20260703T082146Z,2,rdf2pg_sdm,0.95283,0.00041,0.00172,0.01582,0.00219,0.00041,3e-05,6e-05,5e-05,0.93208,0.0,False,5,0,5,1.0,True,11,3,0,8,0.72727,0.0,False,5,0,0,5,False
external_cpgm_if_t1,prebuilt,external_cpgm_if_t1,20260703T080239Z,0,rdf2pg_sdm,0.87356,0.00085,0.0016,0.01385,0.00285,0.00086,2e-05,7e-05,5e-05,0.85384,1.0,True,5,5,0,0.81818,False,11,9,2,0,0.0,1.0,True,9,9,0,0,False
external_cpgm_if_t1,prebuilt,external_cpgm_if_t1,20260703T080239Z,1,rdf2pg_sdm,0.88414,0.00099,0.00164,0.01411,0.0027,0.00099,2e-05,7e-05,5e-05,0.86413,1.0,True,5,5,0,0.81818,False,11,9,2,0,0.0,1.0,True,9,9,0,0,False
external_cpgm_if_t1,prebuilt,external_cpgm_if_t1,20260703T080239Z,2,rdf2pg_sdm,0.93711,0.00085,0.00307,0.02065,0.00285,0.00085,2e-05,8e-05,5e-05,0.90901,1.0,True,5,5,0,0.81818,False,11,9,2,0,0.0,1.0,True,9,9,0,0,False
external_cpgm_if_t2,prebuilt,external_cpgm_if_t2,20260703T080243Z,0,rdf2pg_sdm,0.94533,0.00098,0.00178,0.01471,0.00324,0.00099,3e-05,0.00011,5e-05,0.92387,1.0,True,5,5,0,0.63636,False,11,7,4,0,0.0,1.0,True,8,8,0,0,False
external_cpgm_if_t2,prebuilt,external_cpgm_if_t2,20260703T080243Z,1,rdf2pg_sdm,0.94784,0.0008,0.00161,0.01373,0.00277,0.0008,2e-05,8e-05,5e-05,0.92834,1.0,True,5,5,0,0.63636,False,11,7,4,0,0.0,1.0,True,8,8,0,0,False
external_cpgm_if_t2,prebuilt,external_cpgm_if_t2,20260703T080243Z,2,rdf2pg_sdm,1.01972,0.00126,0.00174,0.01666,0.00403,0.00127,3e-05,0.00012,7e-05,0.99519,1.0,True,5,5,0,0.63636,False,11,7,4,0,0.0,1.0,True,8,8,0,0,False
external_cpgm_if_t3,prebuilt,external_cpgm_if_t3,20260703T080247Z,0,rdf2pg_sdm,0.93308,0.00095,0.00164,0.01402,0.00317,0.00096,3e-05,9e-05,5e-05,0.91255,1.0,True,5,5,0,0.72727,False,11,8,3,0,0.0,1.0,True,8,8,0,0,False
external_cpgm_if_t3,prebuilt,external_cpgm_if_t3,20260703T080247Z,1,rdf2pg_sdm,1.08681,0.0009,0.00164,0.01637,0.00286,0.00091,2e-05,8e-05,5e-05,1.06445,1.0,True,5,5,0,0.72727,False,11,8,3,0,0.0,1.0,True,8,8,0,0,False
external_cpgm_if_t3,prebuilt,external_cpgm_if_t3,20260703T080247Z,2,rdf2pg_sdm,0.97925,0.00085,0.00164,0.01422,0.00289,0.00086,2e-05,9e-05,5e-05,0.959,1.0,True,5,5,0,0.72727,False,11,8,3,0,0.0,1.0,True,8,8,0,0,False
external_cpgm_if_t4,prebuilt,external_cpgm_if_t4,20260703T080252Z,0,rdf2pg_sdm,0.90574,0.0008,0.00165,0.0142,0.00275,0.0008,2e-05,7e-05,9e-05,0.88564,1.0,True,5,5,0,0.81818,False,11,9,2,0,0.0,1.0,True,8,8,0,0,False
external_cpgm_if_t4,prebuilt,external_cpgm_if_t4,20260703T080252Z,1,rdf2pg_sdm,0.90893,0.00084,0.00169,0.01597,0.0029,0.00085,2e-05,7e-05,5e-05,0.88693,1.0,True,5,5,0,0.81818,False,11,9,2,0,0.0,1.0,True,8,8,0,0,False
external_cpgm_if_t4,prebuilt,external_cpgm_if_t4,20260703T080252Z,2,rdf2pg_sdm,0.89259,0.00084,0.00178,0.01438,0.0027,0.00085,2e-05,7e-05,5e-05,0.87233,1.0,True,5,5,0,0.81818,False,11,9,2,0,0.0,1.0,True,8,8,0,0,False
external_cpgm_ip_t1,prebuilt,external_cpgm_ip_t1,20260703T080225Z,0,rdf2pg_sdm,0.93015,0.00085,0.00186,0.01385,0.0027,0.00086,2e-05,7e-05,5e-05,0.91029,0.8,False,5,4,1,1.0,True,11,9,0,2,0.18182,1.0,True,7,7,0,0,False
external_cpgm_ip_t1,prebuilt,external_cpgm_ip_t1,20260703T080225Z,1,rdf2pg_sdm,1.0203,0.00079,0.0017,0.01362,0.00277,0.00079,2e-05,7e-05,5e-05,1.00085,0.8,False,5,4,1,1.0,True,11,9,0,2,0.18182,1.0,True,7,7,0,0,False
external_cpgm_ip_t1,prebuilt,external_cpgm_ip_t1,20260703T080225Z,2,rdf2pg_sdm,0.99619,0.00082,0.00167,0.01382,0.00281,0.00083,2e-05,7e-05,5e-05,0.97651,0.8,False,5,4,1,1.0,True,11,9,0,2,0.18182,1.0,True,7,7,0,0,False
external_cpgm_ip_t2,prebuilt,external_cpgm_ip_t2,20260703T080230Z,0,rdf2pg_sdm,1.04778,0.0008,0.00169,0.01407,0.00281,0.0008,3e-05,7e-05,4e-05,1.02776,0.6,False,5,3,2,1.0,True,11,7,0,4,0.36364,1.0,True,6,6,0,0,False
external_cpgm_ip_t2,prebuilt,external_cpgm_ip_t2,20260703T080230Z,1,rdf2pg_sdm,0.94504,0.00078,0.00168,0.01467,0.00321,0.00079,3e-05,7e-05,4e-05,0.92408,0.6,False,5,3,2,1.0,True,11,7,0,4,0.36364,1.0,True,6,6,0,0,False
external_cpgm_ip_t2,prebuilt,external_cpgm_ip_t2,20260703T080230Z,2,rdf2pg_sdm,0.95919,0.00076,0.002,0.01356,0.00268,0.00077,3e-05,7e-05,4e-05,0.93955,0.6,False,5,3,2,1.0,True,11,7,0,4,0.36364,1.0,True,6,6,0,0,False
external_cpgm_ip_t3,prebuilt,external_cpgm_ip_t3,20260703T080234Z,0,rdf2pg_sdm,0.96427,0.00079,0.00166,0.01376,0.00286,0.0008,3e-05,7e-05,4e-05,0.94458,0.6,False,5,3,2,1.0,True,11,9,0,2,0.18182,1.0,True,6,6,0,0,False
external_cpgm_ip_t3,prebuilt,external_cpgm_ip_t3,20260703T080234Z,1,rdf2pg_sdm,1.27519,0.00089,0.00185,0.02103,0.00341,0.00089,3e-05,8e-05,5e-05,1.0821,0.6,False,5,3,2,1.0,True,11,9,0,2,0.18182,1.0,True,6,6,0,0,False
external_cpgm_ip_t3,prebuilt,external_cpgm_ip_t3,20260703T080234Z,2,rdf2pg_sdm,0.98511,0.00085,0.00167,0.01493,0.00287,0.00085,3e-05,7e-05,5e-05,0.96415,0.6,False,5,3,2,1.0,True,11,9,0,2,0.18182,1.0,True,6,6,0,0,False
external_cpgm_ir_t1,prebuilt,external_cpgm_ir_t1,20260703T080256Z,0,rdf2pg_sdm,0.84738,0.00084,0.00242,0.01401,0.00292,0.00084,3e-05,7e-05,5e-05,0.82656,1.0,True,5,5,0,1.0,True,11,11,0,0,0.0,0.5,False,8,0,8,0,True
external_cpgm_ir_t1,prebuilt,external_cpgm_ir_t1,20260703T080256Z,1,rdf2pg_sdm,0.88992,0.00086,0.00174,0.01743,0.00284,0.00086,3e-05,8e-05,5e-05,0.86643,1.0,True,5,5,0,1.0,True,11,11,0,0,0.0,0.5,False,8,0,8,0,True
external_cpgm_ir_t1,prebuilt,external_cpgm_ir_t1,20260703T080256Z,2,rdf2pg_sdm,0.90536,0.00094,0.00174,0.01474,0.00299,0.00094,3e-05,8e-05,6e-05,0.88432,1.0,True,5,5,0,1.0,True,11,11,0,0,0.0,0.5,False,8,0,8,0,True
external_cpgm_ir_t2,prebuilt,external_cpgm_ir_t2,20260703T080300Z,0,rdf2pg_sdm,0.90409,0.00084,0.00165,0.01621,0.00349,0.00085,3e-05,8e-05,5e-05,0.88126,1.0,True,5,5,0,1.0,True,11,11,0,0,0.0,0.0,False,8,0,0,8,True
external_cpgm_ir_t2,prebuilt,external_cpgm_ir_t2,20260703T080300Z,1,rdf2pg_sdm,0.85682,0.00085,0.00163,0.01374,0.00276,0.00085,3e-05,7e-05,5e-05,0.83725,1.0,True,5,5,0,1.0,True,11,11,0,0,0.0,0.0,False,8,0,0,8,True
external_cpgm_ir_t2,prebuilt,external_cpgm_ir_t2,20260703T080300Z,2,rdf2pg_sdm,0.89433,0.00082,0.0016,0.01375,0.00278,0.00082,3e-05,7e-05,5e-05,0.87481,1.0,True,5,5,0,1.0,True,11,11,0,0,0.0,0.0,False,8,0,0,8,True
watdiv_100k,rdf2pg,cdm,20260703T125200Z,0,rdf2pg_cdm,36.63192,6.27821,0.00182,21.81898,3.47719,6.27822,0.20391,0.42414,0.22878,4.19804,1.0,True,103152,103152,0,0.97247,True,117069,113846,3223,0,0.0,0.52585,False,114157,5901,108256,0,True
watdiv_100k,rdf2pg,cdm,20260703T125200Z,1,rdf2pg_cdm,36.93962,6.34145,0.00183,22.26564,3.51418,6.34147,0.18791,0.39712,0.22066,4.00996,1.0,True,103152,103152,0,0.97247,True,117069,113846,3223,0,0.0,0.52585,False,114157,5901,108256,0,True
watdiv_100k,rdf2pg,cdm,20260703T125200Z,2,rdf2pg_cdm,36.75132,6.24125,0.00171,21.75943,3.64521,6.24126,0.19585,0.38064,0.2439,4.28241,1.0,True,103152,103152,0,0.97247,True,117069,113846,3223,0,0.0,0.52585,False,114157,5901,108256,0,True
watdiv_100k,rdf2pg,gdm,20260703T124815Z,0,rdf2pg_gdm,73.67474,6.47858,0.00216,59.06423,3.59625,6.47859,0.06097,0.33502,0.36287,3.72641,1.0,True,103152,103152,0,0.04802,False,117069,5622,111447,0,0.0,1.0,True,127567,127567,0,0,False
watdiv_100k,rdf2pg,gdm,20260703T124815Z,1,rdf2pg_gdm,74.58498,6.63664,0.002,60.09308,3.57463,6.63665,0.06039,0.32576,0.31408,3.5775,1.0,True,103152,103152,0,0.04802,False,117069,5622,111447,0,0.0,1.0,True,127567,127567,0,0,False
watdiv_100k,rdf2pg,gdm,20260703T124815Z,2,rdf2pg_gdm,73.41609,6.64725,0.00199,58.91539,3.48842,6.64726,0.07765,0.32496,0.34064,3.61881,1.0,True,103152,103152,0,0.04802,False,117069,5622,111447,0,0.0,1.0,True,127567,127567,0,0,False
watdiv_100k,kg2pg,nonparsi,20260703T125610Z,0,kg2pg,46.44476,5.39744,0.00199,31.88115,3.87957,5.39745,0.08237,0.35334,0.26472,4.58328,0.84591,False,103152,87257,15895,0.84594,False,117069,81308,14808,20953,0.17898,0.95918,True,109977,105488,0,4489,False
watdiv_100k,kg2pg,nonparsi,20260703T125610Z,1,kg2pg,46.46198,5.57307,0.00203,31.16129,3.80506,5.57308,0.07857,0.33872,0.23788,5.26444,0.84591,False,103152,87257,15895,0.84594,False,117069,81308,14808,20953,0.17898,0.95918,True,109977,105488,0,4489,False
watdiv_100k,kg2pg,nonparsi,20260703T125610Z,2,kg2pg,46.85266,5.45052,0.00203,31.85717,4.15394,5.45053,0.07786,0.32397,0.2919,4.69437,0.84591,False,103152,87257,15895,0.84594,False,117069,81308,14808,20953,0.17898,0.95918,True,109977,105488,0,4489,False
watdiv_100k,kg2pg,parsi,20260703T125356Z,0,kg2pg,42.43967,6.33065,0.00206,27.49429,3.62232,6.33066,0.08528,0.3039,0.23436,4.36595,0.84591,False,103152,87257,15895,0.93391,False,117069,89764,6352,20953,0.17898,1.0,True,100999,100999,0,0,False
watdiv_100k,kg2pg,parsi,20260703T125356Z,1,kg2pg,41.38337,5.56187,0.00203,27.34769,3.50962,5.56189,0.08815,0.29926,0.23284,4.34106,0.84591,False,103152,87257,15895,0.93391,False,117069,89764,6352,20953,0.17898,1.0,True,100999,100999,0,0,False
watdiv_100k,kg2pg,parsi,20260703T125356Z,2,kg2pg,41.1885,5.50233,0.00205,27.00573,3.59662,5.50235,0.09803,0.34197,0.21787,4.42303,0.84591,False,103152,87257,15895,0.93391,False,117069,89764,6352,20953,0.17898,1.0,True,100999,100999,0,0,False
watdiv_100k,rdf2pg,sdm,20260703T124634Z,0,rdf2pg_sdm,32.64277,4.23101,0.00186,21.65259,3.60723,4.23102,0.15733,0.20977,0.21761,2.56441,0.0,False,103152,0,103152,1.0,True,117069,8016,0,109053,0.93153,0.0,False,108256,0,0,108256,False
watdiv_100k,rdf2pg,sdm,20260703T124634Z,1,rdf2pg_sdm,33.1809,4.14696,0.00184,22.07828,3.69728,4.14697,0.15614,0.21424,0.21389,2.67135,0.0,False,103152,0,103152,1.0,True,117069,8016,0,109053,0.93153,0.0,False,108256,0,0,108256,False
watdiv_100k,rdf2pg,sdm,20260703T124634Z,2,rdf2pg_sdm,32.54389,4.31968,0.00186,21.39172,3.5012,4.31969,0.14536,0.2037,0.22675,2.75272,0.0,False,103152,0,103152,1.0,True,117069,8016,0,109053,0.93153,0.0,False,108256,0,0,108256,False
watdiv_100k_enr,rdf2pg,cdm,20260703T130426Z,0,rdf2pg_cdm,39.45631,6.03316,0.00179,22.22332,4.65417,6.03317,0.18799,0.44464,0.24176,5.66853,1.0,True,108774,108774,0,0.97373,True,122701,119478,3223,0,0.0,0.52463,False,119779,5901,113878,0,True
watdiv_100k_enr,rdf2pg,cdm,20260703T130426Z,1,rdf2pg_cdm,38.75677,6.4226,0.0018,22.79971,4.28021,6.42261,0.19157,0.40729,0.22169,4.43101,1.0,True,108774,108774,0,0.97373,True,122701,119478,3223,0,0.0,0.52463,False,119779,5901,113878,0,True
watdiv_100k_enr,rdf2pg,cdm,20260703T130426Z,2,rdf2pg_cdm,37.98284,5.98492,0.002,22.6388,4.12533,5.98494,0.21281,0.5458,0.2471,4.22518,1.0,True,108774,108774,0,0.97373,True,122701,119478,3223,0,0.0,0.52463,False,119779,5901,113878,0,True
watdiv_100k_enr,rdf2pg,gdm,20260703T130028Z,0,rdf2pg_gdm,78.17365,6.67354,0.00204,62.15518,3.59515,6.67355,0.05844,0.35821,0.32776,5.00242,1.0,True,108774,108774,0,0.04582,False,122701,5622,117079,0,0.0,1.0,True,133199,133199,0,0,False
watdiv_100k_enr,rdf2pg,gdm,20260703T130028Z,1,rdf2pg_gdm,78.28858,7.0035,0.00212,61.74407,3.68359,7.00351,0.06667,0.34249,0.33939,5.10583,1.0,True,108774,108774,0,0.04582,False,122701,5622,117079,0,0.0,1.0,True,133199,133199,0,0,False
watdiv_100k_enr,rdf2pg,gdm,20260703T130028Z,2,rdf2pg_gdm,77.78243,6.45299,0.00243,61.50427,3.83283,6.45301,0.06053,0.33981,0.34193,5.24673,1.0,True,108774,108774,0,0.04582,False,122701,5622,117079,0,0.0,1.0,True,133199,133199,0,0,False
watdiv_100k_enr,kg2pg,nonparsi,20260703T130843Z,0,kg2pg,56.98063,6.21108,0.00216,40.12092,4.18222,6.21109,0.06804,0.37655,0.3569,5.6619,1.0,True,108774,108774,0,0.8007,False,122701,98247,24454,0,0.0,0.91104,False,148993,135739,0,13254,False
watdiv_100k_enr,kg2pg,nonparsi,20260703T130843Z,1,kg2pg,57.13641,6.33707,0.00207,40.47967,4.33553,6.33709,0.06552,0.35282,0.32464,5.23821,1.0,True,108774,108774,0,0.8007,False,122701,98247,24454,0,0.0,0.91104,False,148993,135739,0,13254,False
watdiv_100k_enr,kg2pg,nonparsi,20260703T130843Z,2,kg2pg,57.15108,6.25612,0.00191,40.49499,4.27819,6.25613,0.06901,0.44229,0.37748,5.23022,1.0,True,108774,108774,0,0.8007,False,122701,98247,24454,0,0.0,0.91104,False,148993,135739,0,13254,False
watdiv_100k_enr,kg2pg,parsi,20260703T130628Z,0,kg2pg,40.97761,6.47623,0.00214,25.9183,3.65995,6.47624,0.07115,0.29801,0.25317,4.29781,1.0,True,108774,108774,0,0.97373,True,122701,119478,3223,0,0.0,1.0,True,122485,122485,0,0,True
watdiv_100k_enr,kg2pg,parsi,20260703T130628Z,1,kg2pg,41.77855,6.41525,0.00203,26.60981,3.7443,6.41526,0.06599,0.30996,0.25477,4.37559,1.0,True,108774,108774,0,0.97373,True,122701,119478,3223,0,0.0,1.0,True,122485,122485,0,0,True
watdiv_100k_enr,kg2pg,parsi,20260703T130628Z,2,kg2pg,42.33239,6.35532,0.0019,27.325,3.77289,6.35533,0.06823,0.30651,0.2554,4.24627,1.0,True,108774,108774,0,0.97373,True,122701,119478,3223,0,0.0,1.0,True,122485,122485,0,0,True
watdiv_100k_enr,rdf2pg,sdm,20260703T125839Z,0,rdf2pg_sdm,34.72932,4.45595,0.00173,22.6308,3.63681,4.45597,0.14221,0.2281,0.22202,3.4107,0.0,False,108774,0,108774,1.0,True,122701,8026,0,114675,0.93459,0.0,False,113878,0,0,113878,False
watdiv_100k_enr,rdf2pg,sdm,20260703T125839Z,1,rdf2pg_sdm,34.49249,4.17948,0.00174,22.54382,3.74152,4.17949,0.1461,0.21884,0.23815,3.42197,0.0,False,108774,0,108774,1.0,True,122701,8026,0,114675,0.93459,0.0,False,113878,0,0,113878,False
watdiv_100k_enr,rdf2pg,sdm,20260703T125839Z,2,rdf2pg_sdm,35.73376,4.3418,0.00204,23.30316,3.73961,4.34181,0.14642,0.21873,0.24963,3.73146,0.0,False,108774,0,108774,1.0,True,122701,8026,0,114675,0.93459,0.0,False,113878,0,0,113878,False
watdiv_1m,rdf2pg,cdm,20260704T122215Z,0,rdf2pg_cdm,371.57801,67.09287,0.00199,222.61341,38.0589,67.09288,2.20809,4.65965,2.28571,34.65642,1.0,True,1090765,1090765,0,0.97747,True,1201163,1174099,27064,0,0.0,0.52286,False,1155574,52826,1102748,0,True
watdiv_1m,rdf2pg,cdm,20260704T122215Z,1,rdf2pg_cdm,370.60682,66.52897,0.00169,222.46158,37.87223,66.52898,2.24713,4.54887,2.25113,34.69426,1.0,True,1090765,1090765,0,0.97747,True,1201163,1174099,27064,0,0.0,0.52286,False,1155574,52826,1102748,0,True
watdiv_1m,rdf2pg,cdm,20260704T122215Z,2,rdf2pg_cdm,376.73981,66.75384,0.00171,226.10406,38.64108,66.75385,2.20286,4.66964,2.33725,36.02841,1.0,True,1090765,1090765,0,0.97747,True,1201163,1174099,27064,0,0.0,0.52286,False,1155574,52826,1102748,0,True
watdiv_1m,rdf2pg,gdm,20260703T142752Z,0,rdf2pg_gdm,769.28893,58.83481,0.00188,610.78481,49.97181,58.83482,0.86662,3.8037,15.59602,29.42818,1.0,True,1090765,1090765,0,0.04373,False,1201163,52530,1148633,0,0.0,1.0,True,1288999,1288999,0,0,False
watdiv_1m,rdf2pg,gdm,20260703T142752Z,1,rdf2pg_gdm,759.75243,57.93048,0.00193,603.32404,48.65061,57.9305,0.89495,3.76661,15.89755,29.28524,1.0,True,1090765,1090765,0,0.04373,False,1201163,52530,1148633,0,0.0,1.0,True,1288999,1288999,0,0,False
watdiv_1m,kg2pg,parsi,20260704T124132Z,0,kg2pg,410.18107,55.08247,0.00188,267.64291,44.5016,55.08249,1.14286,3.35175,2.35681,36.09981,0.85538,False,1090765,933024,157741,0.94392,False,1201163,950094,56445,194624,0.16203,1.0,True,1028715,1028715,0,0,False
watdiv_1m,kg2pg,parsi,20260704T124132Z,1,kg2pg,407.57774,55.69495,0.00234,265.67949,44.86752,55.69497,1.1431,3.31512,2.64327,34.23096,0.85538,False,1090765,933024,157741,0.94392,False,1201163,950094,56445,194624,0.16203,1.0,True,1028715,1028715,0,0,False
watdiv_1m,kg2pg,parsi,20260704T124132Z,2,kg2pg,411.68415,55.48454,0.00188,268.47377,44.73876,55.48455,1.1575,3.4748,2.37638,35.97558,0.85538,False,1090765,933024,157741,0.94392,False,1201163,950094,56445,194624,0.16203,1.0,True,1028715,1028715,0,0,False
watdiv_1m,rdf2pg,sdm,20260703T141106Z,0,rdf2pg_sdm,328.51744,38.19885,0.00178,221.74036,42.71157,38.19886,1.65534,2.09975,2.27218,19.83658,0.0,False,1090765,0,1090765,1.0,True,1201163,57572,0,1143591,0.95207,0.0,False,1102748,0,0,1102748,False
watdiv_1m,rdf2pg,sdm,20260703T141106Z,1,rdf2pg_sdm,325.59744,37.89472,0.00175,220.42064,43.15116,37.89474,1.54002,2.34185,2.3833,17.8629,0.0,False,1090765,0,1090765,1.0,True,1201163,57572,0,1143591,0.95207,0.0,False,1102748,0,0,1102748,False
watdiv_1m,rdf2pg,sdm,20260703T141106Z,2,rdf2pg_sdm,325.94292,38.79391,0.00181,221.60631,42.53362,38.79392,1.49737,2.36369,2.47329,16.67182,0.0,False,1090765,0,1090765,1.0,True,1201163,57572,0,1143591,0.95207,0.0,False,1102748,0,0,1102748,False
watdiv_ceiling,rdf2pg,cdm,20260703T082800Z,0,rdf2pg_cdm,38.04554,6.58303,0.00181,22.25201,3.88786,6.58305,0.22731,0.58222,0.22416,4.28616,1.0,True,109092,109092,0,0.98743,True,123026,121480,1546,0,0.0,0.52582,False,115032,5940,109092,0,True
watdiv_ceiling,rdf2pg,cdm,20260703T082800Z,1,rdf2pg_cdm,37.28914,6.81718,0.00178,21.69466,3.65732,6.81719,0.19982,0.40127,0.2304,4.28585,1.0,True,109092,109092,0,0.98743,True,123026,121480,1546,0,0.0,0.52582,False,115032,5940,109092,0,True
watdiv_ceiling,rdf2pg,cdm,20260703T082800Z,2,rdf2pg_cdm,37.42778,6.70424,0.00178,21.6117,3.89249,6.70426,0.22606,0.53309,0.2741,4.1833,1.0,True,109092,109092,0,0.98743,True,123026,121480,1546,0,0.0,0.52582,False,115032,5940,109092,0,True
watdiv_ceiling,rdf2pg,gdm,20260703T082405Z,0,rdf2pg_gdm,76.16153,6.83999,0.00193,59.86959,3.74802,6.84,0.06915,0.37817,0.32989,4.92391,1.0,True,109092,109092,0,0.04828,False,123026,5940,117086,0,0.0,1.0,True,128303,128303,0,0,False
watdiv_ceiling,rdf2pg,gdm,20260703T082405Z,1,rdf2pg_gdm,78.12715,6.8579,0.00193,59.8626,3.71681,6.85791,0.0625,0.37274,0.33079,6.92099,1.0,True,109092,109092,0,0.04828,False,123026,5940,117086,0,0.0,1.0,True,128303,128303,0,0,False
watdiv_ceiling,rdf2pg,gdm,20260703T082405Z,2,rdf2pg_gdm,77.0853,6.68205,0.00243,60.50191,4.08913,6.68206,0.0625,0.34029,0.34064,5.06545,1.0,True,109092,109092,0,0.04828,False,123026,5940,117086,0,0.0,1.0,True,128303,128303,0,0,False
watdiv_ceiling,kg2pg,nonparsi,20260703T083207Z,0,kg2pg,53.23704,7.22757,0.00196,36.65662,3.56033,7.22758,0.06371,0.36785,0.29329,5.06487,1.0,True,109092,109092,0,0.81486,False,123026,100249,22777,0,0.0,0.90637,False,141551,128297,0,13254,False
watdiv_ceiling,kg2pg,nonparsi,20260703T083207Z,1,kg2pg,53.57032,7.50822,0.00198,36.63551,3.67736,7.50823,0.06663,0.3983,0.29472,4.9867,1.0,True,109092,109092,0,0.81486,False,123026,100249,22777,0,0.0,0.90637,False,141551,128297,0,13254,False
watdiv_ceiling,kg2pg,nonparsi,20260703T083207Z,2,kg2pg,52.94955,7.2421,0.00195,36.40946,3.36071,7.24211,0.06397,0.35951,0.28148,5.22949,1.0,True,109092,109092,0,0.81486,False,123026,100249,22777,0,0.0,0.90637,False,141551,128297,0,13254,False
watdiv_ceiling,kg2pg,parsi,20260703T083000Z,0,kg2pg,38.07823,6.29068,0.00188,22.69176,4.1998,6.29069,0.07418,0.29795,0.25044,4.27068,1.0,True,109092,109092,0,0.98743,True,123026,121480,1546,0,0.0,1.0,True,115043,115043,0,0,True
watdiv_ceiling,kg2pg,parsi,20260703T083000Z,1,kg2pg,39.89533,6.16947,0.00319,24.86321,4.13803,6.16949,0.06887,0.34531,0.23666,4.06966,1.0,True,109092,109092,0,0.98743,True,123026,121480,1546,0,0.0,1.0,True,115043,115043,0,0,True
watdiv_ceiling,kg2pg,parsi,20260703T083000Z,2,kg2pg,38.16137,6.11474,0.0019,22.4924,4.52709,6.11475,0.07082,0.30939,0.23806,4.40612,1.0,True,109092,109092,0,0.98743,True,123026,121480,1546,0,0.0,1.0,True,115043,115043,0,0,True
watdiv_ceiling,rdf2pg,sdm,20260703T082217Z,0,rdf2pg_sdm,33.35333,4.41167,0.00177,20.94751,3.78795,4.41169,0.1519,0.25358,0.24337,3.55458,0.0,False,109092,0,109092,0.99515,True,123026,7994,39,114993,0.9347,0.0,False,109092,0,0,109092,False
watdiv_ceiling,rdf2pg,sdm,20260703T082217Z,1,rdf2pg_sdm,34.067,4.48084,0.00173,21.67766,3.61778,4.48085,0.18367,0.31017,0.26955,3.52465,0.0,False,109092,0,109092,0.99515,True,123026,7994,39,114993,0.9347,0.0,False,109092,0,0,109092,False
watdiv_ceiling,rdf2pg,sdm,20260703T082217Z,2,rdf2pg_sdm,35.49151,4.42672,0.0021,22.36237,3.92187,4.42673,0.14708,0.21764,0.21277,4.20003,0.0,False,109092,0,109092,0.99515,True,123026,7994,39,114993,0.9347,0.0,False,109092,0,0,109092,False
